<PAMDataset>
  <SRS dataAxisToSRSAxisMapping="1,2">PROJCS["WGS_84_UTM_zone_19S",GEOGCS["WGS 84",DATUM["WGS_1984",SPHEROID["WGS84",6378137,298.257223563],AUTHORITY["EPSG","6326"]],PRIMEM["Greenwich",0],UNIT["Degree",0.0174532925199433]],PROJECTION["Transverse_Mercator"],PARAMETER["latitude_of_origin",0],PARAMETER["central_meridian",-69],PARAMETER["scale_factor",0.9996],PARAMETER["false_easting",500000],PARAMETER["false_northing",10000000],UNIT["metre",1,AUTHORITY["EPSG","9001"]],AXIS["Easting",EAST],AXIS["Northing",NORTH]]</SRS>
  <Metadata>
    <MDI key="COLORSPACE">RGB</MDI>
    <MDI key="COMPRESSION_RATE_TARGET">30</MDI>
    <MDI key="VERSION">2</MDI>
  </Metadata>
  <Metadata domain="xml:ESRI" format="xml">
    <GeodataXform xmlns:typens="http://www.esri.com/schemas/ArcGIS/9.2" xmlns:xs="http://www.w3.org/2001/XMLSchema" xmlns:xsi="http://www.w3.org/2001/XMLSchema-instance" xsi:type="typens:IdentityXform">
      <SpatialReference xsi:type="typens:ProjectedCoordinateSystem">
        <WKT>PROJCS["WGS_84_UTM_zone_19S",GEOGCS["GCS_WGS_1984",DATUM["D_WGS84",SPHEROID["WGS84",6378137,298.257223563]],PRIMEM["Greenwich",0],UNIT["Degree",0.017453292519943295]],PROJECTION["Transverse_Mercator"],PARAMETER["latitude_of_origin",0],PARAMETER["central_meridian",-69],PARAMETER["scale_factor",0.9996],PARAMETER["false_easting",500000],PARAMETER["false_northing",10000000],UNIT["Meter",1]]</WKT>
        <HighPrecision>true</HighPrecision>
      </SpatialReference>
    </GeodataXform>
  </Metadata>
  <PAMRasterBand band="1">
    <Description>Red</Description>
    <Metadata>
      <MDI key="STATISTICS_APPROXIMATE">YES</MDI>
      <MDI key="STATISTICS_MAXIMUM">255</MDI>
      <MDI key="STATISTICS_MEAN">128.93667182929</MDI>
      <MDI key="STATISTICS_MINIMUM">0</MDI>
      <MDI key="STATISTICS_STDDEV">92.648970021562</MDI>
    </Metadata>
  </PAMRasterBand>
  <PAMRasterBand band="2">
    <Description>Green</Description>
    <Metadata>
      <MDI key="STATISTICS_APPROXIMATE">YES</MDI>
      <MDI key="STATISTICS_MAXIMUM">255</MDI>
      <MDI key="STATISTICS_MEAN">125.17823954569</MDI>
      <MDI key="STATISTICS_MINIMUM">0</MDI>
      <MDI key="STATISTICS_STDDEV">93.890162946146</MDI>
    </Metadata>
  </PAMRasterBand>
  <PAMRasterBand band="3">
    <Description>Blue</Description>
    <Metadata>
      <MDI key="STATISTICS_APPROXIMATE">YES</MDI>
      <MDI key="STATISTICS_MAXIMUM">255</MDI>
      <MDI key="STATISTICS_MEAN">119.55825159181</MDI>
      <MDI key="STATISTICS_MINIMUM">0</MDI>
      <MDI key="STATISTICS_STDDEV">97.897805836049</MDI>
    </Metadata>
  </PAMRasterBand>
</PAMDataset>
